date,keyword,featured_snippet,paa,video,knowledge_panel,ai_overview,image_pack
2026-08-20,ai interview practice app,false,false,false,false,false,false
2026-08-20,mock interview app,false,false,false,false,false,false
2026-08-20,interview preparation app,false,false,false,false,false,false
2026-08-20,ai interview practice app,false,false,false,false,false,false
2026-08-20,mock interview app,false,false,false,false,false,false
2026-08-20,interview preparation app,false,false,false,false,false,false
2026-08-20,ai interview practice app,false,false,false,false,false,false
2026-08-20,mock interview app,false,false,false,false,false,false
2026-08-20,interview preparation app,false,false,false,false,false,false
